{
    "pools": [
      {
        "rolls": {
          "min": 0,
          "max": 1
        },
        "entries": [
          {
            "type": "minecraft:item",
            "name": "minecraft:golden_carrot",
            "functions": [
              {
                "function": "minecraft:set_nbt",
                "tag": "{display:{Name:'{\"text\":\"Sweet Candy\",\"color\":\"gold\",\"italic\":false}',Lore:['{\"text\":\"Oh so sweet! What a delightful taste!\"}','{\"text\":\" \"}','[{\"text\":\"Consume to active 2 Minutes of \",\"color\":\"gray\"},{\"text\":\"Candy Rush\",\"color\":\"red\"},{\"text\":\"!\",\"color\":\"gray\"}]','{\"text\":\" During the rush, you will get effects,\",\"color\":\"gray\"}','[{\"text\":\" depending on your \",\"color\":\"gray\"},{\"text\":\"scariness\",\"color\":\"dark_red\"},{\"text\":\", as well as\",\"color\":\"gray\"}]','{\"text\":\" have a increased chance of getting\",\"color\":\"gray\"}','[{\"text\":\" Sweet Candy\",\"color\":\"gold\"},{\"text\":\" from\",\"color\":\"gray\"},{\"text\":\" Candy Zombies\",\"color\":\"red\"},{\"text\":\"!\",\"color\":\"gray\"}]','{\"text\":\"Part of the Kineticraft Halloween Event 2021.\",\"color\":\"gray\"}']},hw_sweet_candy:1b}"
              }
            ]
          }
        ]
      },
      {
        "rolls": {
          "min": 0,
          "max": 3
        },
        "entries": [
          {
            "type": "minecraft:item",
            "name": "minecraft:dirt"
          }
        ]
      },
      {
        "rolls": {
          "min": 1,
          "max": 6
        },
        "entries": [
          {
            "type": "minecraft:item",
            "name": "minecraft:stick"
          }
        ]
      },
      {
        "rolls": {
          "min": 1,
          "max": 6
        },
        "entries": [
          {
            "type": "minecraft:item",
            "name": "minecraft:cobweb"
          }
        ]
      },
      {
        "rolls": {
          "min": 1,
          "max": 7
        },
        "entries": [
          {
            "type": "minecraft:item",
            "name": "minecraft:string"
          }
        ]
      },
      {
        "rolls": {
          "min": 1,
          "max": 7
        },
        "entries": [
          {
            "type": "minecraft:item",
            "name": "minecraft:redstone",
            "functions": [
              {
                "function": "minecraft:set_name",
                "name": {
                  "text": "Blood",
                  "color": "dark_red"
                }
              },
              {
                "function": "minecraft:set_lore",
                "lore": [
                  {
                    "text": "Blood of past enemies and travellers",
                    "italic": false
                  }
                ]
              }
            ]
          }
        ]
      }
    ]
  }
  