{
    "display": {
      "icon": {
        "item": "minecraft:stone"
      },
      "title": "Kill mob",
      "description": "",
      "background": "minecraft:stone",
      "show_toast": false,
      "announce_to_chat": false,
      "hidden": true
    },
    "criteria": {
      "requirement": {
        "trigger": "minecraft:player_killed_entity",
        "conditions": {
          "player": {},
          "entity": {
            "type": "minecraft:wither_skeleton",
            "nbt": "{Tags:[\"hw_wither_skeleton\"]}"
          }
        }
      }
    },
    "rewards": {
      "function": "halloween:mobs/wither_skeleton/revoke_kill"
    }
  }