{
  "display": {
    "icon": {
      "item": "minecraft:stone"
    },
    "title": "Kill mob",
    "description": "",
    "background": "minecraft:stone",
    "show_toast": false,
    "announce_to_chat": false,
    "hidden": true
  },
  "criteria": {
    "requirement": {
      "trigger": "minecraft:player_killed_entity",
      "conditions": {
        "player": {},
        "entity": {
          "type": "minecraft:zombie",
          "nbt": "{Tags:[\"fun\"]}"
        }
      }
    }
  },
  "rewards": {
    "function": "halloween:revoke_zombie_kill"
  }
}
